host,port,clients,operations,keys,value_size,get_ratio,zipf_s,warmup,prefill,elapsed_seconds,throughput_rps,mean_latency_us,p50_latency_us,p95_latency_us,p99_latency_us,measured_ok_responses,measured_errors,warmup_ok_responses,warmup_errors,trial,label,trial_count,elapsed_seconds_stddev,throughput_rps_stddev,mean_latency_us_stddev,p50_latency_us_stddev,p95_latency_us_stddev,p99_latency_us_stddev,measured_ok_responses_stddev,measured_errors_stddev,warmup_ok_responses_stddev,warmup_errors_stddev
10.10.1.1,9090,1,100000,1024,64,0.95,0.8,5000,1,11.2657,8892.65,106.433,107.333,116.667,153.333,100000,0,5000,0,trial_1,TCP,3,0.580575,470.563,5.6887,7.37111,2.3094,10.9697,0,0,0,0
10.10.1.1,9090,2,100000,1024,64,0.95,0.8,5000,1,5.42209,18488.9,100.25,102.333,115.667,131.667,100000,0,5000,0,trial_1,TCP,3,0.336654,1108.42,7.96369,7.57188,3.51188,1.1547,0,0,0,0
10.10.1.1,9090,4,100000,1024,64,0.95,0.8,5000,1,3.15579,31698.9,110.858,111.667,133.333,163.667,100000,0,5000,0,trial_1,TCP,3,0.071772,726.903,1.5067,1.1547,1.52753,25.482,0,0,0,0
10.10.1.1,9090,8,100000,1024,64,0.95,0.8,5000,1,1.37168,72920,95.3487,92.6667,129,156.667,100000,0,5000,0,trial_1,TCP,3,0.0254493,1349.41,0.921094,1.52753,3.60555,6.50641,0,0,0,0
