policy,shared_minus_local_hit_rate,shared_minus_local_recompute
lru,0.08940000000000003,-1022.8000000000001
fifo,0.11224999999999996,-1311.3999999999999
